URL,clicks
https://buddhistuniversity.net/exclusive_01/Illness%20As%20Metaphor%20-%20Susan%20Sontag.pdf,5552
https://buddhistuniversity.net/exclusive_01/Instructions%20to%20Insight%20meditation%20-%20Mahasi%20Sayadaw.pdf,811
https://buddhistuniversity.net/exclusive_01/Common%20Buddhist%20Text%20(2015-12-29).pdf,1154
https://buddhistuniversity.net/exclusive_01/Buddhist%20Pilgrimage%20(2009)%20-%20Chan%20Khoon%20San.pdf,781
https://buddhistuniversity.net/exclusive_01/The%20advent%20of%20Therav%C4%81da%20Buddhism%20to%20mainland%20south-east%20asia%20-%20Skilling.pdf,193
https://buddhistuniversity.net/exclusive_01/Common%20Buddhist%20Text%20%282015-12-29%29.pdf,151
https://buddhistuniversity.net/exclusive_01/The%20Biography%20of%20Sakyamuni%20Buddha%20-%20Master%20Hsing%20Yun.pdf,150
https://buddhistuniversity.net/exclusive_01/The%20Buddhist%20Caves%20at%20Aurangabad_%20The%20Impact%20of%20the%20Laity%20-%20Brancaccio.pdf,211
https://buddhistuniversity.net/exclusive_01/Theravada%20Buddhism%20in%20Cambodia-%20Restoration%20Development%20and%20Challenges%20-%20Maha%20CHUON%20Bunsim.pdf,64
https://buddhistuniversity.net/exclusive_01/Three%20Sutras%20from%20the%20Samyukta%20Agama%20Regarding%20Emptiness%20-%20%C3%89tienne%20Lamotte.pdf,641
https://buddhistuniversity.net/exclusive_01/Remarks%20on%20the%20Third%20Precept%01_%20Adultery%20and%20Prostitution%20-%20Steven%20Collins.pdf,330
https://buddhistuniversity.net/exclusive_01/Dhamma%20for%20the%20Asking%20-%20Ajahn%20Suchart%20Abhijato.pdf,133
https://buddhistuniversity.net/exclusive_01/The%20Buddhist%20Conception%20of%20Truth%20-%20Jayatilleke.pdf,278
https://buddhistuniversity.net/exclusive_01/The%20Chinese%20Agamas%20vis-a-vis%20the%20Sarvastavada.pdf,163
https://buddhistuniversity.net/exclusive_01/Ja%CC%84taka%20and%20Pan%CC%83n%CC%83a%CC%84sa-ja%CC%84taka%20in%20South-East%20Asia%20-%20Peter%20Skilling.pdf,69
https://buddhistuniversity.net/exclusive_01/Studies%20in%20Vinaya%20Technical%20Terms%20-%20%C3%89dith%20Nolot.pdf,387
https://buddhistuniversity.net/exclusive_01/The%20Path%20of%20the%20Householder%20-%20Robert%20Bluck.pdf,153
https://buddhistuniversity.net/exclusive_01/Path%20of%20the%20White%20Swans_%20Bhikkhuni%20Suvimalee.pdf,154
https://buddhistuniversity.net/exclusive_01/Buddhist%20Chinese%20Primer%20Volume%203%20-%20John%20Kieschnick.pdf,152
https://buddhistuniversity.net/exclusive_01/Scriptural%20Authenticity%20and%20the%20Sravaka%20Schools_An%20Essay%20towards%20an%20Indian%20Perspective%20-%20Peter%20Skilling.pdf,98
https://buddhistuniversity.net/exclusive_01/What%20Language%20Did%20the%20Buddha%20Speak%20-%20Piyasilo.pdf,464
https://buddhistuniversity.net/exclusive_01/Types%20of%20Vimutti%20-%20Lily%20DeSilva.pdf,283
https://buddhistuniversity.net/exclusive_01/Fa-sheng%20Mindfulness%20-%20Leon%20Hurvitz.pdf,31
https://buddhistuniversity.net/exclusive_01/Bad%20Karma%20of%20the%20Buddha%20-%20Guang%20Xing.pdf,224
https://buddhistuniversity.net/exclusive_01/Buddhist%20Chinese%20Primer%20Volume%201%20-%20John%20Kieschnick.pdf,99
https://buddhistuniversity.net/exclusive_01/External%20sandhi%20in%20Pa%CC%84li%20-%20K%20R%20Norman.pdf,88
https://buddhistuniversity.net/exclusive_01/The%20Buddhist%20Conversion%20of%20the%20Nymphs%20of%20Heaven%20-%20Linda%20Covill.pdf,228
https://buddhistuniversity.net/exclusive_01/Categories%20of%20Sutta%20-%20Joy%20Mann%C3%A9.pdf,83
https://buddhistuniversity.net/exclusive_01/Encountering%20impermanence%2C%20making%20change%20-%20Julia%20Cassaniti.pdf,142
https://buddhistuniversity.net/exclusive_01/N%C4%81g%C4%81rjuna%E2%80%99s%20Scepticism%20about%20Philosophy.pdf,48
https://buddhistuniversity.net/exclusive_01/Sangha%20Groupings%20in%20Cambodia%20-%20Ian%20Harris.pdf,18
https://buddhistuniversity.net/exclusive_01/The%20Mystique%20of%20the%20Abhidhamma%20-%20Sujato.pdf,86
https://buddhistuniversity.net/exclusive_01/Vy%C4%81ghr%C4%AB-j%C4%81taka%20in%20the%20Mah%C4%81vastu%20and%20Fobenxingji%20jing%20-%20Katarzyna%20MARCINIAK.pdf,15
https://buddhistuniversity.net/exclusive_01/Anicca%20(1979)%20-%20Arvind%20Sharma.pdf,104
https://buddhistuniversity.net/exclusive_01/Atonement%20of%20P%C4%81r%C4%81jika%20Transgressions%20in%20Fifth-Century%20Chinese%20Buddhism.pdf,60
https://buddhistuniversity.net/exclusive_01/Nibb%C4%81na%20and%20Abhidhamma%20-%20L%20S%20Cousins.pdf,46
https://buddhistuniversity.net/exclusive_01/The%20Buddha%20and%20Metaphysics%20-%20Wijesekera.pdf,57
https://buddhistuniversity.net/exclusive_01/The%20First%20Ten%20Items%20of%20the%20Da%C5%9Bottaras%C5%ABtra%20As%20cited%20in%20%C5%9Aamathadeva%E2%80%99s%20Abhidharmako%C5%9Ba-up%C4%81yik%C4%81-%E1%B9%AD%C4%ABk%C4%81%20-%20Peter%20Skilling.pdf,61
https://buddhistuniversity.net/exclusive_01/The%20Injunction%20to%20Hold%20Oneself%20-%20V%C3%A9lez%20de%20Cea.pdf,110
https://buddhistuniversity.net/exclusive_01/Orality%2C%20writing%20and%20authority%20in%20South%20Asian%20Buddhism_%20Visionary%20Literature%20and%20the%20Struggle%20for%20Legitimacy%20in%20the%20Mah%C4%81y%C4%81na%20-%20David%20McMahan.pdf,31
https://buddhistuniversity.net/exclusive_01/Pre-Hinayanist%20Buddhism%20in%20the%20Pali%20-%20Fallick.pdf,24
https://buddhistuniversity.net/exclusive_01/Sri%20Lanka%20and%20the%20Theravada%20Buddhist%20ecumene%20c.%20500%E2%80%931500.pdf,64
https://buddhistuniversity.net/exclusive_01/Synonyms%20for%20Nibb%C4%81na%20in%20Tibetan%20-%20Peter%20Skilling.pdf,59
https://buddhistuniversity.net/exclusive_01/The%20Buddhas%20Last%20Meal%20-%20John%20Ireland.pdf,110
https://buddhistuniversity.net/exclusive_01/The%20Buddhist%20Attitude%20to%20Revelation%20-%20Jayatilleke.pdf,56
https://buddhistuniversity.net/exclusive_01/The%20Science%20Delusion%20(article)%20-%20Curtis%20White.pdf,47
https://buddhistuniversity.net/exclusive_01/Zombies%20and%20Half-Zombies%20-%20Peter%20Skilling.pdf,26
https://buddhistuniversity.net/exclusive_01/A%20List%20of%20Books%20Sent%20to%20Ceylon%20from%20Siam%20in%20the%2018th%20Century%20-%20Oskar%20von%20Hin%C3%BCber%20and%20Supaphan%20na%20Bangchang.pdf,56
https://buddhistuniversity.net/exclusive_01/Bodhi%20and%20Arahattaphala_%20From%20Early%20Buddhism%20to%20Early%20Mah%C4%81y%C4%81na%20-%20Karel%20Werner.pdf,52
https://buddhistuniversity.net/exclusive_01/Debates%20on%20Time%20in%20the%20Kattavatthu%20-%20David%20Bastow.pdf,107
https://buddhistuniversity.net/exclusive_01/Kosambi%20-%20John%20Ireland.pdf,43
https://buddhistuniversity.net/exclusive_01/Mythology%20as%20Meditation%20-%20Rupert%20Gethin.pdf,43
https://buddhistuniversity.net/exclusive_01/Parajika%20Precepts%20for%20Nuns%20-%20Ann%20Heirman.pdf,93
https://buddhistuniversity.net/exclusive_01/Systems%20of%20Two%20Truths%20-%20Jones.pdf,10
https://buddhistuniversity.net/exclusive_01/The%20Sus%C4%ABma-sutta%20and%20the%20Wisdom-Liberated%20Arahant%20-%20Bhikkhu%20Bodhi.pdf,51
https://buddhistuniversity.net/exclusive_01/caveat%20lector%20-%20Margaret%20Cone.pdf,13
https://buddhistuniversity.net/exclusive_01/A%20Composite%20EA%20Sutra%20-%20%C3%89tienne%20Lamotte.pdf,22
https://buddhistuniversity.net/exclusive_01/Buddhist%20Chinese%20Primer%20Volume%202%20-%20John%20Kieschnick.pdf,53
https://buddhistuniversity.net/exclusive_01/Case%20of%20the%20Missing%20Stupa%20-%20Richard%20Gombrich.pdf,17
https://buddhistuniversity.net/exclusive_01/Citta%20in%20the%20Turfan%20Finds%20-%20Dietz.pdf,61
https://buddhistuniversity.net/exclusive_01/Once%20Upon%20a%20Present%20Time%20-%20Tim%20Lenz.pdf,38
https://buddhistuniversity.net/exclusive_01/POSTURES%20OF%20THE%20WOLF-CHILD%20OF%20HESSE%20-%20KARL%20STEEL.pdf,4
https://buddhistuniversity.net/exclusive_01/The%20Buddhist%20Conception%20of%20the%20Universe%20-%20Jayatilleke.pdf,50
https://buddhistuniversity.net/exclusive_01/The%20Oldest%20Dated%20Manuscript%20of%20the%20Milindapanha%20-%20Oskar%20Von%20Hinuber.pdf,58
https://buddhistuniversity.net/exclusive_01/An%20Antinomian%20Allegory%20-%20Andrew%20Huxley.pdf,14
https://buddhistuniversity.net/exclusive_01/Analytical%20Study%20of%20the%20Monks%E2%80%99%20p%C4%81cittiya%20%E6%B3%A2%E9%80%B8%E6%8F%90%20Rules.pdf,20
https://buddhistuniversity.net/exclusive_01/Caring%20for%20the%20social%20(in%20museums)%20-%20Haidy%20Geismar.pdf,42
https://buddhistuniversity.net/exclusive_01/Notes%20on%20P%C4%81li%20Canonic%20Style%20-%20A%20Syrkin.pdf,22
https://buddhistuniversity.net/exclusive_01/On%20Science%20Religion%20and%20Culture%20-%20Yuttadhammo.pdf,33
https://buddhistuniversity.net/exclusive_01/On%20the%20Correspondence%20of%20Helmer%20Smith%20and%20Gunnar%20Jarring%20-%20Siegfried%20Lienhard.pdf,4
https://buddhistuniversity.net/exclusive_01/Sokushin-ki%20-%20Shid%C5%8D%20Munan%20Zenji.pdf,2
https://buddhistuniversity.net/exclusive_01/Some%20Siamese%20Ghost-lore%20and%20Demonology%20-%20Irwin.pdf,7
https://buddhistuniversity.net/exclusive_01/The%20End%20of%20the%20Buddha's%20Life%20According%20to%20the%20EA%20-%20Andr%C3%A9%20Bareau.pdf,50
https://buddhistuniversity.net/exclusive_01/Theri%CC%84ga%CC%84tha%CC%84_%20On%20Feminism%2C%20Aestheticism%20and%20Religiosity%20-%20Vijitha%20Rajapakse.pdf,3
https://buddhistuniversity.net/smallepubs/buddhaghosa_1956_vsm.epub,270
https://buddhistuniversity.net/smallepubs/nidanakatha.epub,4
https://buddhistuniversity.net/smallepubs/bodhi_1999_buddha-and-his-dhamma.epub,2
https://buddhistuniversity.net/smallepubs/geoff_1996_refuge.epub,3
https://smallpdfs.buddhistuniversity.net/patel-moore_2017_seven-cheap-things-introduction.pdf,407
https://smallpdfs.buddhistuniversity.net/wesch-m_2018_art-of-being-human.pdf,45
https://smallpdfs.buddhistuniversity.net/dhammika_2022_footprints-in-the-dust.pdf,33
https://buddhistuniversity.net/smallpdfs/punnadhammo_2018_buddhist-cosmos.pdf,120
https://buddhistuniversity.net/smallpdfs/karunaratne_1969_buddhist-wheel-symbol.pdf,82
https://smallpdfs.buddhistuniversity.net/wilderson-frank_2011_vengeance-of-vertigo.pdf,26
https://smallpdfs.buddhistuniversity.net/gunaratna_1971_rebirth-explained.pdf,21
https://smallpdfs.buddhistuniversity.net/allen-chris_2020_balance-of-personality.pdf,23
https://smallpdfs.buddhistuniversity.net/gray-david_2016_tantra.pdf,20
https://buddhistuniversity.net/smallpdfs/kroll-paul_2021_poetry-of-meng-haoran.pdf,87
https://smallpdfs.buddhistuniversity.net/dhammika_2008_toilet.pdf,19
https://smallpdfs.buddhistuniversity.net/thubten-chodron_1988_i-wonder-why.pdf,17
https://smallpdfs.buddhistuniversity.net/dhammika_2020_mt-kailash.pdf,14
https://smallpdfs.buddhistuniversity.net/gunaratna_1969_message-of-the-saints.pdf,13
https://smallpdfs.buddhistuniversity.net/narada-kassapa_1963_mirror-of-the-dhamma.pdf,13
https://smallpdfs.buddhistuniversity.net/walshe_1984_sn-anthology.pdf,11
https://smallpdfs.buddhistuniversity.net/gunaratna_1963_satipatthana.pdf,12
https://smallpdfs.buddhistuniversity.net/culture-and-psychology.pdf,7
https://smallpdfs.buddhistuniversity.net/dhammika_2020_buddhism-and-the-incorruptible-body.pdf,6
https://smallpdfs.buddhistuniversity.net/kotyk-j_2018_astrological-determinism.pdf,6
https://smallpdfs.buddhistuniversity.net/nyanaponika_1959_anatta-nibbana.pdf,6
https://smallpdfs.buddhistuniversity.net/shaw-s_2012_crossing-to-the-farthest-shore.pdf,6
https://smallpdfs.buddhistuniversity.net/wong-dorothy-c_2002_making-of-saint-images-of-xuanzang-in.pdf,6
https://buddhistuniversity.net/smallpdfs/toh94.pdf,47
https://smallpdfs.buddhistuniversity.net/dhammika_2012_prinsep-discovers-ashoka.pdf,6
https://smallpdfs.buddhistuniversity.net/dhammika_2015_what-is-kamma.pdf,5
https://smallpdfs.buddhistuniversity.net/dhammika_2020_erotica-in-the-pali-tipitaka.pdf,5
https://smallpdfs.buddhistuniversity.net/jones-ken_1981_buddhism-and-social-action.pdf,6
https://smallpdfs.buddhistuniversity.net/dhammika_2019_mary-foster.pdf,4
https://smallpdfs.buddhistuniversity.net/gleig-ann_2021_engaged-buddhism.pdf,4
https://smallpdfs.buddhistuniversity.net/karpik-stefan_2019_buddha-pali.pdf,4
https://smallpdfs.buddhistuniversity.net/robinson-patricia_1968_poor-black-women.pdf,4
https://smallpdfs.buddhistuniversity.net/suchart_2017_against-the-defilements.pdf,4
https://smallpdfs.buddhistuniversity.net/sunyo_2021_boundless-consciousness.pdf,4
https://smallpdfs.buddhistuniversity.net/u-chan-htoon_1962_buddhism-and-the-age-of-science.pdf,5
https://smallpdfs.buddhistuniversity.net/walshe_1975_buddhism-and-sex.pdf,4
https://smallpdfs.buddhistuniversity.net/appleton_2007_story-of-the-horse-king.pdf,4
https://smallpdfs.buddhistuniversity.net/brahmali_2009_what-the-nikayas-say-about-nibbana.pdf,3
https://smallpdfs.buddhistuniversity.net/carrera-oscar_2019_voices-of-buddhaghosa.pdf,3
https://smallpdfs.buddhistuniversity.net/dhammika_2008_caves-of-the-paccekabuddhas.pdf,3
https://smallpdfs.buddhistuniversity.net/dhammika_2008_smoking.pdf,3
https://smallpdfs.buddhistuniversity.net/dhammika_2009_ancient-sri-lanka.pdf,4
https://smallpdfs.buddhistuniversity.net/dhammika_2013_buddhist-peoples-review.pdf,3
https://smallpdfs.buddhistuniversity.net/dhammika_2020_eye-transplant-and-pound-of-flesh.pdf,3
https://smallpdfs.buddhistuniversity.net/khantipalo_1967_buddhas-last-bequest.pdf,3
https://smallpdfs.buddhistuniversity.net/punnadhammo_2018_buddhist-cosmos.pdf,3
https://smallpdfs.buddhistuniversity.net/stephen-a-evans_2009_epistemology-of-the-brahmajala-sutta.pdf,3
https://smallpdfs.buddhistuniversity.net/sucitto_2014_samadhi-is-pure-enjoyment.pdf,3
https://smallpdfs.buddhistuniversity.net/temprano-victor_2013_engaged-buddhism.pdf,3
https://smallpdfs.buddhistuniversity.net/victoria-brian_2017_samadhi-power-in-imperial-japan.pdf,3
https://smallpdfs.buddhistuniversity.net/albahari-miri_2014_insight-knowledge-of-no-self-in-buddhism.pdf,2
https://smallpdfs.buddhistuniversity.net/brahm_2021_opening-up-to-kindfulness.pdf,2
https://smallpdfs.buddhistuniversity.net/devido-elise_2009_taixu-in-vietnam.pdf,2
https://smallpdfs.buddhistuniversity.net/dhammika_1991_steadfast-gaze-shrine.pdf,2
https://smallpdfs.buddhistuniversity.net/dhammika_1996_navel-of-the-earth.pdf,2
https://smallpdfs.buddhistuniversity.net/dhammika_2009_building-bridges.pdf,2
https://smallpdfs.buddhistuniversity.net/dhammika_2012_bharhut.pdf,2
https://smallpdfs.buddhistuniversity.net/dhammika_2020_is-it-possible-to-transfer-merit.pdf,2
https://smallpdfs.buddhistuniversity.net/dhammika_2021_out-of-the-ordinary.pdf,2
https://smallpdfs.buddhistuniversity.net/gessen-masha_2018_to-be-or-not-to-be.pdf,2
https://smallpdfs.buddhistuniversity.net/glasenapp_1950_vedanta-and-buddhism.pdf,2
https://smallpdfs.buddhistuniversity.net/hinuber-oskar_2009_cremated-like-a-king.pdf,3
https://smallpdfs.buddhistuniversity.net/jootla_1984_inspiration-from-enlightened-nuns.pdf,2
https://smallpdfs.buddhistuniversity.net/jootla_1990_message-of-velama-sutta.pdf,2
https://smallpdfs.buddhistuniversity.net/mn062.pdf,2
https://smallpdfs.buddhistuniversity.net/norman_1988_origin-of-pali.pdf,2
https://smallpdfs.buddhistuniversity.net/piyananda_2018_sharing-buddhism-in-the-west.pdf,2
https://smallpdfs.buddhistuniversity.net/salomon-richard_2022_hoard-of-inscribed-gandharan-metalware.pdf,2
https://smallpdfs.buddhistuniversity.net/sirimangalo_2010_vipassana.pdf,2
https://smallpdfs.buddhistuniversity.net/wilson-et-al_2014_challenges-of-the-disengaged-mind.pdf,2
https://smallpdfs.buddhistuniversity.net/wynne_2020_vinaya-transformations.pdf,2
https://buddhistuniversity.net/smallpdfs/kishino-ryohji_2022_angry-monk-who-became-a-poisonous-snake.pdf,6
https://smallpdfs.buddhistuniversity.net/bodhi_1981_going-for-refuge-taking-precepts.pdf,1
https://smallpdfs.buddhistuniversity.net/carnes-fine-sheridan_2019_diversity-statements.pdf,1
https://smallpdfs.buddhistuniversity.net/cintita_2012_what-did-the-buddha-think-of-women.pdf,1
https://smallpdfs.buddhistuniversity.net/cousins_2013_early-development-of-buddhist-literature.pdf,1
https://smallpdfs.buddhistuniversity.net/dhammika_2015_nature-in-ebts.pdf,1
https://smallpdfs.buddhistuniversity.net/dhammika_2020_iyothee-tass.pdf,1
https://smallpdfs.buddhistuniversity.net/dundul_2013_advice-on-the-worldly-concerns.pdf,1
https://smallpdfs.buddhistuniversity.net/gaboude-louis_1994_buddhadasas-contributions.pdf,1
https://smallpdfs.buddhistuniversity.net/geoff_1996_refuge.pdf,1
https://smallpdfs.buddhistuniversity.net/gomchung-kharak_2020_mind-training.pdf,1
https://smallpdfs.buddhistuniversity.net/harvey_2014_nature-of-the-ariya-magga.pdf,1
https://smallpdfs.buddhistuniversity.net/ireland_1964_sutta.pdf,1
https://smallpdfs.buddhistuniversity.net/joyce-kelly_2005_appealing-images.pdf,1
https://smallpdfs.buddhistuniversity.net/kishino-ryohji_2022_angry-monk-who-became-a-poisonous-snake.pdf,1
https://smallpdfs.buddhistuniversity.net/kiyoyuki-koike_2003_relationship-btw-buddhist-monks-and-lay-in-cambodia.pdf,1
https://smallpdfs.buddhistuniversity.net/lehrer_2008_picturing-our-thoughts.pdf,1
https://smallpdfs.buddhistuniversity.net/li-jingjing_2019_through-mirror-account-of-other-minds-in.pdf,1
https://smallpdfs.buddhistuniversity.net/liong-cheng_2012_laughing-buddha-doing-business.pdf,1
https://smallpdfs.buddhistuniversity.net/mn087.pdf,1
https://smallpdfs.buddhistuniversity.net/pigni-alessandra_2014_building-resilience-preventing-burnout.pdf,1
https://smallpdfs.buddhistuniversity.net/raghavan-suren_2013_buddhicizing-or-ethnicizing-the-state.pdf,1
https://smallpdfs.buddhistuniversity.net/suddhaso_2016_dhp01.pdf,1
https://smallpdfs.buddhistuniversity.net/wentworth-bob_2019_pain-lasers-love-lasers.pdf,1
https://smallpdfs.buddhistuniversity.net/wenz_1983_ecology-morality.pdf,1
https://buddhistuniversity.net/mediumfiles/kelly-jessica_2017_biology-of-aging.pdf,121
https://buddhistuniversity.net/mediumfiles/levy_2014_psychology.pdf,44
https://buddhistuniversity.net/mediumfiles/wen-fong_1975_summer-mountain-timeless-landscape.pdf,25
https://buddhistuniversity.net/mediumfiles/dhammavuddho_1988_monks-precepts.pdf,12
https://buddhistuniversity.net/exclusive_01/The%20Beginning%20of%20the%20Buddha's%20Teaching%20According%20to%20the%20EA%20-%20Andr%C3%A9%20Bareau.pdf,23
https://buddhistuniversity.net/exclusive_01/Note%20on%20Solitude%20-%20Malcolm%20Hudson.pdf,7
https://buddhistuniversity.net/exclusive_01/The%20Buddha%E2%80%99s%20Truly%20Praiseworthy%20Qualities%20-%20Bhikkhu%20Analayo.pdf,45
https://buddhistuniversity.net/exclusive_01/Nuns%20Before%20Mahapajapati%20-%20Liz%20Williams.pdf,28
https://buddhistuniversity.net/exclusive_01/POWERS%20OF%20THE%20HOARD%20-%20Jane%20Bennett.pdf,5
https://buddhistuniversity.net/exclusive_01/S%C4%81riputtas%20Three%20Works%20on%20the%20Samantap%C4%81s%C4%81dik%C4%81%20-%20Kate%20Crosby.pdf,4
https://buddhistuniversity.net/exclusive_01/The%20Lion's%20Roar%20-%20Joy%20Manne%CC%81.pdf,11
https://buddhistuniversity.net/smallepubs/anandajoti_2011_abhidhammamatika.epub,13
https://buddhistuniversity.net/smallepubs/jootla_1990_message-of-velama-sutta.epub,3
https://buddhistuniversity.net/smallepubs/patthana.paccayuddesaniddesa.epub,4
https://buddhistuniversity.net/smallpdfs/patel-moore_2017_seven-cheap-things-introduction.pdf,1836
https://buddhistuniversity.net/smallpdfs/allen-chris_2020_balance-of-personality.pdf,77
https://buddhistuniversity.net/smallpdfs/dhammika_2022_footprints-in-the-dust.pdf,84
https://buddhistuniversity.net/smallpdfs/nyanaponika_1959_anatta-nibbana.pdf,54
https://buddhistuniversity.net/smallpdfs/wenz_1983_ecology-morality.pdf,26
https://buddhistuniversity.net/smallpdfs/suchart_2017_against-the-defilements.pdf,43
https://buddhistuniversity.net/smallpdfs/angell-jane_2007_women-in-brown.pdf,18
https://buddhistuniversity.net/smallpdfs/dhammika_2012_prinsep-discovers-ashoka.pdf,37
https://buddhistuniversity.net/smallpdfs/narada-kassapa_1963_mirror-of-the-dhamma.pdf,48
https://buddhistuniversity.net/smallpdfs/dhammika_1996_navel-of-the-earth.pdf,23
https://buddhistuniversity.net/smallpdfs/dhammika_2020_eye-transplant-and-pound-of-flesh.pdf,7
https://buddhistuniversity.net/smallpdfs/dhammika_2016_big-buddhas-of-bamiyan.pdf,24
https://buddhistuniversity.net/smallpdfs/suddhaso_2016_dhp01.pdf,6
https://buddhistuniversity.net/smallpdfs/gangshat_2005_naturally-liberating-whatever.pdf,7
https://buddhistuniversity.net/smallpdfs/geoff_1999_noble-strategy.pdf,2
https://buddhistuniversity.net/smallpdfs/culture-and-psychology.pdf,4
https://buddhistuniversity.net/smallpdfs/dhammika_2008_caves-of-the-paccekabuddhas.pdf,8
https://buddhistuniversity.net/smallpdfs/dhammika_2020_mt-kailash.pdf,58
https://buddhistuniversity.net/smallpdfs/gessen-masha_2018_to-be-or-not-to-be.pdf,3
https://buddhistuniversity.net/smallpdfs/jolliffe-pia_2015_nighttime-and-refugees.pdf,2
https://smallpdfs.buddhistuniversity.net/dhammika_2008_sankassa.pdf,1
https://smallpdfs.buddhistuniversity.net/edelglass-william_2009_interbeing.pdf,1
https://buddhistuniversity.net/exclusive_01/A%20Note%20on%20micch%C4%81di%E1%B9%AD%E1%B9%ADhi%20-%20P%20S%20Jaini.pdf,13
https://buddhistuniversity.net/exclusive_01/Ksatra-dharma%20and%20Raja-dharma%20-%20Wijesekera.pdf,19
https://buddhistuniversity.net/exclusive_01/Sus%C4%ABma%E2%80%99s%20Conversation%20with%20the%20Buddha%20-%20Bhikkhu%20Bodhi.pdf,12
https://buddhistuniversity.net/exclusive_01/The%20Dharmacakramudra%20Variant%20at%20Ajanta%20-%20John%20C%20Huntington%20with%20Chaya%20Chandrasekhar.pdf,15
https://buddhistuniversity.net/exclusive_01/The%20Fourfold%20Protection%20-%20Ven%20Saddhatissa.pdf,10
https://buddhistuniversity.net/smallepubs/conrad_1899_heart-of-darkness.epub,1
https://buddhistuniversity.net/smallpdfs/dhammika_1991_steadfast-gaze-shrine.pdf,2
https://buddhistuniversity.net/smallpdfs/geoff_2015_buddhist-romanticism.pdf,10
https://buddhistuniversity.net/exclusive_01/The%20Solitary%2C%20Itinerant%20Renouncer%20in%20Ancient%20Indian%20G%C4%81th%C4%81-Poetry%20-%20Kristoffer%20af%20Edholm.pdf,29
https://buddhistuniversity.net/exclusive_01/Buddhism%20%E2%80%95%20a%20Balancing%20Factor%20for%20Current%20World%20Developments%20-%20Dhammavamso.pdf,6
https://buddhistuniversity.net/exclusive_01/Heartwood%20of%20the%20Bodhi%20Tree%20-%20Bhikkhu%20Buddhadasa.epub,2
https://buddhistuniversity.net/exclusive_01/Cultural%20Buddhism%20-%20Yuttadhammo.pdf,2
https://buddhistuniversity.net/smallepubs/karma-vibhanga.epub,3
https://buddhistuniversity.net/smallepubs/gasiorek-aune_2018_message-processing.epub,1
https://buddhistuniversity.net/smallepubs/yuttadhammo_2009_how-to-meditate.epub,1
https://buddhistuniversity.net/smallpdfs/gunaratna_1971_rebirth-explained.pdf,91
https://buddhistuniversity.net/smallpdfs/stein-zachary_2015_emancipatory-metatheory.pdf,3
https://buddhistuniversity.net/smallpdfs/dhammika_2008_smoking.pdf,1
https://buddhistuniversity.net/smallpdfs/dhammika_2013_buddhist-peoples-review.pdf,12
https://buddhistuniversity.net/smallpdfs/jones-ken_1981_buddhism-and-social-action.pdf,4
https://buddhistuniversity.net/exclusive_01/Comments%20on%20the%20Anuruddha%20Sutta%20-%20John%20D%20Ireland.pdf,22
https://buddhistuniversity.net/exclusive_01/Red%20Rust%2C%20Robbers%20and%20Rice%20Fields%20-%20Liz%20Williams.pdf,11
https://buddhistuniversity.net/function-data/LA-Lectures_Yuttadhammo/,1
https://buddhistuniversity.net/smallepubs/cintita_2015_buddhist-life-buddhist-path.epub,1
https://buddhistuniversity.net/smallepubs/geoff_1993_mind-like-fire-unbound.epub,1
https://buddhistuniversity.net/smallepubs/karunaratne_1969_buddhist-wheel-symbol.epub,1
https://buddhistuniversity.net/smallepubs/mahabua_2005_arahattamagga-arahattaphala.epub,1
https://buddhistuniversity.net/smallpdfs/dhammika_2015_buddha-you-never-knew.pdf,5
https://buddhistuniversity.net/smallpdfs/dhammika_2009_ancient-sri-lanka.pdf,5
https://buddhistuniversity.net/smallpdfs/dhammika_2022_lumbini.pdf,2
https://smallpdfs.buddhistuniversity.net/stc_1993_chinese-liturgy.pdf,2
https://buddhistuniversity.net/smallepubs/geoff_2015_buddha-smiles.epub,1
https://buddhistuniversity.net/smallpdfs/nas_2019_environmental-engineering-for-the-21st-c.pdf,12
https://buddhistuniversity.net/smallpdfs/carrithers-michael_2014_anthropology-as-irony.pdf,1
https://buddhistuniversity.net/smallpdfs/vb06.pdf,1
https://buddhistuniversity.net/exclusive_01/Notes%20on%20the%20Udana%20-%20John%20Ireland.pdf,7
https://buddhistuniversity.net/exclusive_01/Climate%20Change%2C%20Ethics%20and%20the%20Field%20of%20Greed%20-%20Victor%20von%20der%20Heyde.pdf,1
https://buddhistuniversity.net/exclusive_01/Escape-to-Reality--Buddhist-Essays_wh045_Pereira.pdf,15
https://buddhistuniversity.net/smallepubs/nyanamoli-bodhi_2018_mn-selections.epub,4
https://buddhistuniversity.net/smallepubs/khantipalo_1967_buddhas-last-bequest.epub,1
https://buddhistuniversity.net/smallepubs/mahasi_1980_purpose-of-meditation.epub,1
https://buddhistuniversity.net/smallepubs/mills-laurence_1968_practical-advice-for-meditators.epub,1
https://buddhistuniversity.net/smallpdfs/brahmali_2009_what-the-nikayas-say-about-nibbana.pdf,4
https://buddhistuniversity.net/smallpdfs/harvey_2014_nature-of-the-ariya-magga.pdf,3
https://buddhistuniversity.net/smallpdfs/u-chan-htoon_1962_buddhism-and-the-age-of-science.pdf,4
https://buddhistuniversity.net/smallpdfs/bloom-alfred_2008_kannon.pdf,1
https://buddhistuniversity.net/smallpdfs/dhammika_2020_erotica-in-the-pali-tipitaka.pdf,2
https://buddhistuniversity.net/smallpdfs/glasenapp_1950_vedanta-and-buddhism.pdf,10
https://buddhistuniversity.net/smallpdfs/guy-john_2014_lost-kingdoms-hindu-buddhist-sculpture.pdf,6
https://buddhistuniversity.net/smallpdfs/langri-tangpa_2016_four-sayings.pdf,3
https://buddhistuniversity.net/smallpdfs/sirimangalo_2010_vipassana.pdf,1
https://buddhistuniversity.net/exclusive_01/From%20Birch%20Bark%20to%20Digital%20Data%20(Preview).pdf,161
https://buddhistuniversity.net/exclusive_01/M%C5%ABlasarv%C4%81stiv%C4%81din%20and%20Sarv%C4%81stiv%C4%81din_%20Oral%20Transmission%20Lineages%20of%20%C4%80gama%20Texts%20-%20An%C4%81layo.pdf,402
https://buddhistuniversity.net/exclusive_01/Aggregates%20and%20Clinging%20Aggregates%20-%20Bhikkhu%20Bodhi.pdf,87
https://buddhistuniversity.net/exclusive_01/Studies%20in%20the%20P%C4%81li%20Grammarians%20-%20Ole%20Holten%20Pind.pdf,215
https://buddhistuniversity.net/exclusive_01/The%20citta%20of%20the%20Arahant%20is%20empty%20-%20Ajahn%20Maha%20Boowa.pdf,18
https://buddhistuniversity.net/exclusive_01/Did%20Huan-Tsang%20Meet%20the%20Followers%20of%20Devadatta%20-%20Paula%20G%20Tinti.pdf,7
https://buddhistuniversity.net/exclusive_01/The%20Camera%20People%20-%20Eliot%20Weinberger.pdf,2
https://buddhistuniversity.net/smallepubs/glasenapp_1950_vedanta-and-buddhism.epub,1
https://buddhistuniversity.net/smallpdfs/mcnicholl-adeana_2020_generative-power-of-disgust.pdf,6
https://buddhistuniversity.net/smallpdfs/steyerl-hito_2017_duty-free-art.pdf,5
https://buddhistuniversity.net/smallpdfs/chang-gordon-c_2023_revolution-and-witchcraft.pdf,3
https://buddhistuniversity.net/smallpdfs/buddhaghosa_1956_vsm.pdf,1
https://buddhistuniversity.net/smallpdfs/dhammika_2008_toilet.pdf,1
https://buddhistuniversity.net/smallpdfs/dhammika_2009_building-bridges.pdf,1
https://buddhistuniversity.net/smallpdfs/dhammika_2011_buddha-travels.pdf,1
https://buddhistuniversity.net/smallpdfs/dhammika_2020_iyothee-tass.pdf,1
https://buddhistuniversity.net/smallpdfs/harvey_2013_buddhism-and-human-flourishing.pdf,1
https://buddhistuniversity.net/smallpdfs/jayasaro_2008_beauty-of-sila.pdf,1
https://buddhistuniversity.net/smallpdfs/jayasaro_2017_stillness-flowing.pdf,1
https://buddhistuniversity.net/smallpdfs/karma-vibhanga.pdf,1
https://buddhistuniversity.net/smallpdfs/piyananda_2018_sharing-buddhism-in-the-west.pdf,1
https://buddhistuniversity.net/smallpdfs/stc_1993_chinese-liturgy.pdf,1
https://buddhistuniversity.net/smallpdfs/sumedho_1994_the-four-noble-truths.pdf,1
https://buddhistuniversity.net/smallpdfs/tikhonov-vladimir_2001_social-darwinism-in-korea-and-its.pdf,1
https://smallpdfs.buddhistuniversity.net/dhammika_1990_encounters.pdf,1
https://smallpdfs.buddhistuniversity.net/t1586.pdf,1
https://cfr-cdn.buddhistuniversity.net/ped.pdf,2
https://cfr-cdn.buddhistuniversity.net/mclean-john_2017_early-world-civilizations.pdf,1
https://buddhistuniversity.net/patanjali-yoga-sutra/YogaSutra.pdf,23
https://buddhistuniversity.net/patanjali-yoga-sutra/chapters/1,21
https://buddhistuniversity.net/patanjali-yoga-sutra/chapters/2,19
https://buddhistuniversity.net/patanjali-yoga-sutra/chapters/3,10
https://buddhistuniversity.net/patanjali-yoga-sutra/chapters/4,10
https://buddhistuniversity.net/patanjali-yoga-sutra/about/,6
https://buddhistuniversity.net/patanjali-yoga-sutra/,5
https://buddhistuniversity.net/exclusive_01/The%20Meaning%20of%20the%20Word%20%22Tath%C4%81gata%22%20According%20to%20the%20P%C4%81li%20Commentaries%20-%20Bhikkhu%20Bodhi.pdf,19
https://buddhistuniversity.net/exclusive_01/On%20the%20Very%20Idea%20of%20the%20Pali%20Canon%20-%20Steven%20Collins.pdf,13
https://buddhistuniversity.net/exclusive_01/P%C4%81%E1%B9%83%C5%9Buk%C5%ABlika%20as%20a%20Standard%20Practice%20in%20the%20Vinaya.pdf,8
https://buddhistuniversity.net/exclusive_01/Arahant%20-%20Ireland.pdf,3
https://buddhistuniversity.net/exclusive_01/Brahmana-caranas%20-%20Wijesekera.pdf,3
https://buddhistuniversity.net/exclusive_01/Discoid%20Weapons%20in%20Ancient%20India%20-%20Wijesekera.pdf,3
https://buddhistuniversity.net/exclusive_01/The%20Lotus%20as%20a%20Symbol%20-%20Carl%20Olson.pdf,3
https://buddhistuniversity.net/exclusive_01/Abbreviation%20in%20P%C4%81li%20-%20Kate%20Crosby.pdf,2
https://buddhistuniversity.net/exclusive_01/The%20Weary%20Buddha%20-%20David%20Webster.pdf,2
https://buddhistuniversity.net/exclusive_01/Stupa%2C%20Sutra%2C%20and%20Sharira%20in%20China%20656-706%20-%20Barrett.pdf,1
